[
        {
        "Ho_ten": "Nguyễn thị bé Nhỏ",
        "Ma_so": "NV_1",
        "Ten_Dang_nhap": "NV_1",
        "Mat_khau": "NV_1",
        "Nhom_Nguoi_dung": {
          "Ten": "Nhân viên Nhập hàng",
          "Ma_so": "NHAN_VIEN_NHAP_HANG"
        }
    },
    {
        "Ho_ten": "Tô thị bé Bé",
        "Ma_so": "NV_2",
        "Ten_Dang_nhap": "NV_2",
        "Mat_khau": "NV_2",
        "Nhom_Nguoi_dung": {
          "Ten": "Nhân viên Bán hàng",
          "Ma_so": "NHAN_VIEN_BAN_HANG"
        }
    },
    {
        "Ho_ten": "Nguyễn văn bé Xíu",
        "Ma_so": "NV_3",
        "Ten_Dang_nhap": "NV_3",
        "Mat_khau": "NV_3",
        "Nhom_Nguoi_dung": {
          "Ten": "Nhân viên Bán hàng",
          "Ma_so": "NHAN_VIEN_BAN_HANG"
        }
    },
    {
        "Ho_ten": "Trần văn bé Lớn",
        "Ma_so": "NV_4",
        "Ten_Dang_nhap": "QL_1",
        "Mat_khau": "QL_1",
        "Nhom_Nguoi_dung": {
          "Ten": "Quản lý Nhập hàng",
          "Ma_so": "QUAN_LY_NHAP_HANG"
        }
    },        
    {
        "Ho_ten": "Trần thị bé Cao",
        "Ma_so": "NV_5",
        "Ten_Dang_nhap": "QL_2",
        "Mat_khau": "QL_2",
        "Nhom_Nguoi_dung": {
          "Ten": "Quản lý Bán hàng",
          "Ma_so": "QUAN_LY_BAN_HANG"
        }
    },
    {
        "Ho_ten": "Lê văn sáng Rực",
        "Ma_so": "NV_6",
        "Ten_Dang_nhap": "QL",
        "Mat_khau": "QL",
        "Nhom_Nguoi_dung": {
          "Ten": "Quản lý Cửa hàng",
          "Ma_so": "QUAN_LY_CUA_HANG"
        }
    },
    {
        "Ho_ten": "Nguyễn văn Hùng",
        "Ma_so": "NV_7",
        "Ten_Dang_nhap": "NV_7",
        "Mat_khau": "NV_7",
        "Nhom_Nguoi_dung": {
          "Ten": "Nhân viên Bán hàng",
          "Ma_so": "NHAN_VIEN_BAN_HANG"
        }
    },
    {
        "Ho_ten": "Nguyễn đức đoan Trang",
        "Ma_so": "NV_8",
        "Ten_Dang_nhap": "NV_8",
        "Mat_khau": "NV_8",
        "Nhom_Nguoi_dung": {
          "Ten": "Nhân viên Bán hàng",
          "Ma_so": "NHAN_VIEN_BAN_HANG"
        }
    },
    {
        "Ho_ten": "Nguyễn thanh quỳnh Châu",
        "Ma_so": "NV_9",
        "Ten_Dang_nhap": "NV_9",
        "Mat_khau": "NV_9",
        "Nhom_Nguoi_dung": {
          "Ten": "Nhân viên Bán hàng",
          "Ma_so": "NHAN_VIEN_BAN_HANG"
        }
    },
    {
        "Ho_ten": "Nguyễn trọng Tuyển",
        "Ma_so": "NV_10",
        "Ten_Dang_nhap": "NV_10",
        "Mat_khau": "NV_10",
        "Nhom_Nguoi_dung": {
          "Ten": "Nhân viên Bán hàng",
          "Ma_so": "NHAN_VIEN_BAN_HANG"
        }
    },
    {
        "Ho_ten": "Ngô anh Quân",
        "Ma_so": "NV_11",
        "Ten_Dang_nhap": "NV_11",
        "Mat_khau": "NV_11",
        "Nhom_Nguoi_dung": {
          "Ten": "Nhân viên Bán hàng",
          "Ma_so": "NHAN_VIEN_BAN_HANG"
        }
    },
    {
        "Ho_ten": "Lê hồng Phúc",
        "Ma_so": "NV_12",
        "Ten_Dang_nhap": "NV_12",
        "Mat_khau": "NV_12",
        "Nhom_Nguoi_dung": {
          "Ten": "Nhân viên Bán hàng",
          "Ma_so": "NHAN_VIEN_BAN_HANG"
        }
    }
    ]